MAJ,NOM,F,TYPE,G/U,U/M,T,G/M/T,G/M,N,C
2023-11-04 11:38:00.160762,bœuf,bœuf,viande,600,0.003125,20,0.09375,1.875,3.333333,29.0
